Acanthisitta chloris,64714,87176,53875,84.8,12.6,2.2,0.4
Acanthochaenus luetkenii,8401,11613,91087,52.7,34.6,11.8,0.9
Acanthochromis polyacanthus,358784,478773,30414,93.7,3.2,1.1,2.0
Acinonyx jubatus,3078015,3722716,14382,91.6,5.0,2.9,0.5
Acinonyx jubatus,48.41e6,56.96e6,6438,8.7,2.4,3.0,85.9
Acridotheres javanicus,5671614,6978266,4312,96.4,1.6,1.5,0.5
Agapornis roseicollis,119989,164031,52900,91.0,6.8,1.5,0.7
Ageneiosus marmoratus,243363,491201,16063,69.5,18.2,10.1,2.2
Ailuropoda melanoleuca,1269633,1611594,81466,95.0,2.7,1.8,0.5
Ailuropoda melanoleuca,9746668,11.43e6,57414,93.2,2.7,2.2,1.9
Ailurus fulgens,2964629,3980988,11589,94.2,2.7,1.8,1.3
Alligator mississippiensis,18.2e6,22.16e6,7093,96.1,2.2,1.0,0.7
Alligator mississippiensis,18.2e6,22.16e6,7091,96.1,2.2,1.0,0.7
Alligator mississippiensis,80214,115972,54713,82.9,13.2,3.2,0.7
Alligator sinensis,2144983,2487118,9316,94.4,3.2,1.7,0.7
Amazona aestiva,1225613,1606407,3232,93.9,3.2,2.2,0.7
Amazona vittata,18327,25854,182974,60.8,27.5,10.2,1.5
Ambystoma mexicanum,1.225e9,1.028e9,98070,0.0,0.0,100.0,0.0
Ammotragus lervia,1284828,1570993,77320,92.6,3.1,2.6,1.7
Amphilophus citrinellus,1195793,1668012,6637,93.3,3.7,1.8,1.2
Amphiprion ocellaris,401626,516599,6404,95.4,1.7,1.0,1.9
Amphiprion percula,38.42e6,37.03e6,366,96.8,1.1,1.0,1.1
Anabarilius grahami,4437285,5809338,80398,93.3,2.7,0.9,3.1
Anabas testudineus,50098,66767,23072,90.4,7.3,1.4,0.9
Anabas testudineus,25.91e6,30.05e6,69,96.9,0.9,0.6,1.6
Anas platyrhynchos,1230538,1501722,78487,92.6,4.9,2.1,0.4
Anas platyrhynchos,2778828,3892793,18550,93.5,3.1,1.2,2.2
Anas platyrhynchos,76e6,91.75e6,2149,93.6,1.9,3.5,1.0
Anas platyrhynchos,72.56e6,87.68e6,21240,93.6,4.4,1.7,0.3
Anas zonorhyncha,2366427,3681905,20089,94.8,2.4,0.9,1.9
Anguilla anguilla,83194,206834,501148,63.3,21.6,10.7,4.4
Anguilla japonica,57294,116743,323740,77.3,12.7,4.0,6.0
Anguilla japonica,488962,837718,195366,80.1,9.1,3.2,7.6
Anguilla japonica,34.46e6,32.88e6,83292,85.5,4.1,1.9,8.5
Anguilla rostrata,76977,115790,79209,73.5,9.4,3.9,13.2
Anolis carolinensis,142.2e6,110.1e6,6457,88.0,5.6,5.6,0.8
Anoplopoma fimbria,5156,6731,208506,45.2,38.6,7.8,8.4
Anser brachyrhynchus,4951359,6370379,2723,98.1,1.2,0.5,0.2
Anser cygnoides,5148690,6675317,7592,95.6,2.8,1.3,0.3
Anser cygnoides,4921559,5676963,1801,97.7,1.1,0.8,0.4
Antennarius striatus,9743,13538,70398,66.0,22.7,10.4,0.9
Antrostomus carolinensis,46500,63865,70122,71.0,21.6,7.2,0.2
Aotus nancymaae,8487048,10.45e6,28921,87.7,5.9,4.4,2.0
Apaloderma vittatum,56957,74783,54728,79.5,15.4,4.6,0.5
Apalone spinifera,2314033,2939382,286620,36.5,24.4,38.8,0.3
Apodemus speciosus,24555,137592,336124,45.0,31.4,23.0,0.6
Apodemus sylvaticus,168654,253488,559629,70.3,18.0,11.4,0.3
Aptenodytes forsteri,4816047,6437556,10672,96.4,2.1,1.2,0.3
Apteryx australis,6554179,11.27e6,326828,93.2,3.3,2.7,0.8
Apteryx haastii,1358610,1996306,4183,97.3,1.6,0.8,0.3
Apteryx owenii,1616289,2586182,5096,97.5,1.5,0.7,0.3
Apteryx rowi,1665059,2722199,4120,97.8,1.4,0.5,0.3
Aquila chrysaetos,1330601,1725634,42881,94.9,3.6,1.2,0.3
Aquila chrysaetos,9157533,10.81e6,1141,97.9,1.0,0.8,0.3
Aquila chrysaetos,44.95e6,49.17e6,204,97.6,1.0,0.5,0.9
Ara macao,6376,8837,282947,39.9,37.1,22.8,0.2
Ara macao,13492,18720,192790,44.9,35.2,19.7,0.2
Arapaima gigas,667665,895557,5301,88.4,1.5,1.7,8.4
Arctocephalus gazella,6168110,7946546,6169,85.3,8.5,5.2,1.0
Arctogadus glacialis,3696,5069,139389,33.8,42.9,22.8,0.5
Astatotilapia calliptera,38.67e6,39.06e6,248,95.2,1.3,1.6,1.9
Astyanax mexicanus,33.65e6,27.96e6,2415,92.3,2.4,2.3,3.0
Athene cunicularia,41.98e6,68.61e6,445,96.6,1.5,1.6,0.3
Austrofundulus limnaeus,1000130,1805833,29785,89.2,6.8,2.8,1.2
Axis porcinus,21.33e6,26.07e6,136093,93.0,2.4,1.9,2.7
Balaenoptera acutorostrata,12.31e6,15.08e6,10775,93.5,2.9,1.6,2.0
Balaenoptera bonaerensis,3416,4381,5054,0.0,0.2,99.8,0.0
Balearica regulorum,52247,69406,53490,82.4,13.8,3.4,0.4
Bambusicola thoracicus,13213,19983,163748,56.2,33.3,9.8,0.7
Bathygadus melanobranchus,6467,8998,92290,51.0,33.1,15.1,0.8
Benthosema glaciale,6093,8280,143923,45.7,28.4,22.8,3.1
Beryx splendens,5974,8424,117400,48.5,35.5,15.5,0.5
Betta splendens,18.44e6,19.45e6,12333,96.2,1.2,1.1,1.5
Bison bison,7581894,8956857,450181,90.3,4.8,3.4,1.5
Boleophthalmus pectinirostris,2476828,4152921,16619,92.2,4.3,1.6,1.9
Boreogadus saida,3566,5029,137701,35.7,40.8,23.0,0.5
Borostomias antarcticus,5353,7507,104734,33.4,38.0,27.7,0.9
Bos indicus,102.8e6,92.24e6,1435,93.1,2.5,2.5,1.9
Bos indicus,104.5e6,96.67e6,1251,91.2,3.8,3.0,2.0
Bos indicus,100e6,91.38e6,31,88.4,3.9,5.8,1.9
Bos indicus,104.3e6,97.46e6,216409,90.7,3.9,3.6,1.8
Bos mutus,1353326,1649298,41191,92.3,3.9,2.7,1.1
Bos taurus,105e6,98.9e6,3143,92.6,3.2,2.4,1.8
Bos taurus,106e6,98.99e6,3143,92.7,3.3,2.2,1.8
Bos taurus,103.3e6,95.49e6,2211,93.5,2.6,1.9,2.0
Bregmaceros cantori,7503,9014,888,0.2,0.2,99.6,0.0
Brosme brosme,4637,6521,114910,49.8,34.9,14.6,0.7
Brotula barbata,45713,70019,29854,89.1,7.5,2.2,1.2
Bubalus bubalis,735549,637700,24,0.7,0.0,99.3,0.0
Bubalus bubalis,1418989,1850106,366982,92.3,3.4,2.7,1.6
Bubalus bubalis,3315896,4211394,99165,35.6,30.9,33.3,0.2
Bubalus bubalis,117.2e6,120.4e6,509,93.7,2.7,2.2,1.4
Buceros rhinoceros,53291,68930,62257,80.6,14.2,4.9,0.3
Calidris pugnax,9966675,13.67e6,3753,96.8,1.5,0.6,1.1
Calidris pugnax,881302,1704535,47740,94.5,3.6,1.2,0.7
Calidris pygmaea,3138373,4547222,29819,95.6,2.7,1.1,0.6
Callipepla squamata,1070263,1370350,34302,96.8,1.4,1.1,0.7
Callithrix jacchus,124.9e6,127e6,14205,89.4,4.4,3.8,2.4
Callithrix jacchus,965,1137,1992178,1.5,11.5,87.0,0.0
Callithrix jacchus,61058,83213,109198,59.7,25.7,12.9,1.7
Callithrix jacchus,128.7e6,127.7e6,39944,90.9,3.4,3.0,2.7
Callorhinchus milii,4404807,5783061,21203,91.5,3.8,3.3,1.4
Callorhinus ursinus,31.04e6,41.66e6,14229,82.0,2.4,2.4,13.2
Calypte anna,3958028,4920963,54736,94.1,3.6,1.9,0.4
Calypte anna,2049416,4195087,5971,32.1,2.5,2.5,62.9
Camelus bactrianus,2755,3596,781462,4.7,26.3,68.9,0.1
Camelus bactrianus,8738935,10.69e6,35454,95.2,2.6,1.3,0.9
Camelus dromedarius,4173546,5558822,32572,94.8,3.1,1.5,0.6
Camelus dromedarius,1491516,1940148,35752,94.5,3.1,1.4,1.0
Camelus dromedarius,31859,39794,207871,67.2,24.4,7.3,1.1
Camelus ferus,2000302,2708585,13333,93.6,2.9,1.6,1.9
Canis lupus,34.36e6,41.73e6,2444,93.9,2.6,2.2,1.3
Canis lupus,62.98e6,66.27e6,3267,94.0,2.3,2.2,1.5
Canis lupus,1524,1987,1089636,5.1,23.1,71.7,0.1
Canis lupus,21924,28017,221474,42.8,39.3,17.3,0.6
Capra aegagrus,1706072,2298289,6616,94.1,2.4,2.0,1.5
Capra aegagrus,86.91e6,82.5e6,89498,89.8,5.8,2.9,1.5
Capra hircus,93.48e6,94.24e6,102895,90.1,4.8,2.9,2.2
Capra hircus,87.28e6,82.99e6,29906,93.9,2.6,2.0,1.5
Capra sibirica,15.15e6,18.07e6,85609,93.7,2.4,2.0,1.9
Capreolus capreolus,12928,17424,3088511,47.6,31.6,19.7,1.1
Carapus acus,16897,27463,46699,70.6,20.3,7.7,1.4
Carassius auratus,22.76e6,18.4e6,6216,41.3,1.0,1.3,56.4
Cariama cristata,55298,71793,53474,81.3,14.7,3.7,0.3
Carlito syrichta,404612,521699,337188,88.8,5.6,3.3,2.3
Castor canadensis,317508,477492,21157,86.9,7.4,4.2,1.5
Castor canadensis,206376,334590,629174,73.7,14.9,10.4,1.0
Casuarius casuarius,3698567,4637586,3184,97.3,1.5,0.8,0.4
Cathartes aura,43572,51428,1149,1.1,0.3,98.6,0.0
Cavia aperea,19.8e6,22.91e6,3131,66.3,15.7,17.5,0.5
Cavia porcellus,27.41e6,33.02e6,3143,89.4,5.1,4.5,1.0
Cebus capucinus,5132503,6357921,7156,91.5,3.8,2.6,2.1
Ceratotherium simum,25.62e6,30.1e6,3086,95.5,2.0,1.6,0.9
Cercocebus atys,12.71e6,15.6e6,11433,92.7,3.0,2.4,1.9
Cervus elaphus,61.63e6,62.67e6,11479,78.0,12.5,8.6,0.9
Chaenocephalus aceratus,7311,9996,114963,50.1,37.5,11.7,0.7
Chaetura pelagica,142934,199278,137,0.7,0.1,99.2,0.0
Charadrius vociferus,3660936,4604822,15167,96.4,2.0,1.0,0.6
Chatrabus melanurus,5908,7398,238795,29.3,46.3,23.9,0.5
Chelonia mydas,3853868,5045871,140022,93.9,3.8,1.5,0.8
Chelonoidis abingdonii,1227716,1651946,10623,94.7,3.3,1.3,0.7
Chiloscyllium punctatum,1810080,2762536,280241,84.8,7.7,5.7,1.8
Chinchilla lanigera,20.96e6,22.99e6,2838,94.6,2.6,2.1,0.7
Chlamydotis macqueenii,45302,60047,59693,74.2,19.3,6.2,0.3
Chlamydotis undulata,64315,3386431,80662,79.9,16.4,3.3,0.4
Chlorocebus sabaeus,99.94e6,100.4e6,2003,93.0,2.8,2.6,1.6
Choloepus hoffmanni,367490,485281,269084,75.3,11.2,10.2,3.3
Chromis chromis,15423,20645,27244,19.1,11.4,68.8,0.7
Chrysemys picta,6661484,15.59e6,78594,95.3,2.6,1.4,0.7
Chrysochloris asiatica,11.91e6,15.33e6,20499,86.8,5.2,6.4,1.6
Chrysolophus pictus,1586394,2290151,14294,95.6,2.7,1.2,0.5
Cicinnurus regius,3222945,4628572,4390,97.4,1.5,0.8,0.3
Ciconia boyciana,14445,20842,505419,44.2,37.1,17.7,1.0
Clupea harengus,1770250,2514231,6914,93.1,2.3,1.4,3.2
Clupea harengus,1881092,2634425,2438,93.2,2.3,1.5,3.0
Colinus virginianus,2544914,3000510,42369,94.8,2.9,1.6,0.7
Colinus virginianus,6575,10398,374224,34.8,40.4,24.5,0.3
Colius striatus,46309,64373,70188,76.5,18.6,4.6,0.3
Colobus angolensis,7437573,9023066,13124,91.0,3.8,3.1,2.1
Columba livia,14.3e6,28.81e6,15057,96.2,2.7,0.9,0.2
Columba livia,64.23e6,84.26e6,60,91.2,2.2,6.2,0.4
Condylura cristata,53.57e6,49.79e6,2040,91.1,4.4,4.1,0.4
Corvus brachyrhynchos,7143753,8099224,10547,94.0,3.6,1.7,0.7
Corvus cornix,20.61e6,26.06e6,112,95.2,2.5,1.8,0.5
Corvus cornix,18.27e6,20.91e6,145,92.6,4.7,2.1,0.6
Corvus hawaiiensis,4530643,6896429,2752,64.8,2.0,1.3,31.9
Coryphaenoides rupestris,159329,278300,47680,79.4,11.4,5.7,3.5
Cottus rhenanus,6912,9726,164693,54.7,34.3,10.4,0.6
Coturnix japonica,3802046,4781221,9499,96.6,1.6,1.5,0.3
Coturnix japonica,81.91e6,85.11e6,2011,97.8,0.8,0.9,0.5
Cricetulus griseus,1172056,1597663,109151,92.2,4.1,2.5,1.2
Cricetulus griseus,1557964,1916681,52710,90.9,4.8,3.1,1.2
Cricetulus griseus,1175614,1787341,28749,90.3,5.5,3.2,1.0
Cricetulus griseus,19.56e6,27.21e6,1831,94.9,2.0,1.6,1.5
Cricetulus griseus,61.17e6,78.36e6,8264,94.5,2.4,1.9,1.2
Crocodylus porosus,202716,277519,23365,91.1,6.1,1.8,1.0
Crocodylus porosus,78.69e6,106.6e6,69,94.1,2.1,3.2,0.6
Crotalus horridus,22490,32639,186068,64.0,24.4,10.7,0.9
Crotalus pyrrhus,5564,7622,473380,28.4,37.0,34.5,0.1
Crotalus viridis,135166,188101,47782,85.1,8.3,5.9,0.7
Crypturellus cinnamomeus,2421270,3204313,8086,97.1,1.5,1.2,0.2
Cuculus canorus,2937787,3648819,14930,96.4,2.0,1.1,0.5
Cuora mccordi,32.58e6,38.78e6,100020,89.7,4.7,3.2,2.4
Cyanistes caeruleus,15.96e6,17.99e6,29297,96.3,2.3,0.8,0.6
Cynoglossus semilaevis,19.13e6,19.61e6,29642,95.6,1.6,1.3,1.5
Cyprinodon nevadensis,75700,101310,96516,70.8,21.2,7.4,0.6
Cyprinodon variegatus,791610,959233,9258,93.4,3.3,1.4,1.9
Cyprinus carpio,7674350,9968759,9377,62.0,11.2,5.4,21.4
Cyprinus carpio,66950,90152,80028,50.7,5.7,1.8,41.8
Cyttopsis rosea,7060,9326,111974,57.1,32.1,10.1,0.7
Danionella dracula,10.29e6,12.44e6,996,88.7,3.0,5.2,3.1
Danio rerio,52.12e6,44.43e6,1922,75.2,2.6,1.6,20.6
Danio rerio,609238,813740,32031,89.8,5.3,2.1,2.8
Danio rerio,33451,46105,73493,68.8,24.4,5.2,1.6
Danio rerio,3083507,4563082,64482,88.2,5.8,2.8,3.2
Dasypus novemcinctus,1551037,1999319,12320,18.7,4.1,76.8,0.4
Daubentonia madagascariensis,5376,7017,3231305,11.9,40.6,47.2,0.3
Delphinapterus leucas,19.59e6,27.88e6,6971,93.2,2.7,2.4,1.7
Desmodus rotundus,26.19e6,29.19e6,29800,94.3,2.4,2.4,0.9
Dicentrarchus labrax,26.3e6,34.44e6,25,91.3,4.1,3.4,1.2
Dicerorhinus sumatrensis,688146,910265,1061589,92.8,4.3,2.2,0.7
Diphyllodes magnificus,6615685,8153623,3098,97.1,1.8,0.7,0.4
Dipodomys ordii,11.32e6,14.32e6,65193,89.2,6.5,3.3,1.0
Dromaius novaehollandiae,3317187,3786807,2777,97.5,1.4,0.7,0.4
Echinops telfairi,41.78e6,42.52e6,8401,88.3,5.4,4.5,1.8
Egretta garzetta,3049666,3850749,11790,95.7,2.5,1.5,0.3
Eidolon helvum,27650,36402,133538,63.4,24.6,11.7,0.3
Elaphurus davidianus,2818866,3647846,194812,90.8,4.5,2.7,2.0
Electrophorus electricus,630090,847456,8786,91.9,4.1,1.8,2.2
Elephantulus edwardii,13.07e6,14.8e6,8768,84.5,5.6,5.5,4.4
Ellobius lutescens,236880,321399,58423,88.9,6.7,3.2,1.2
Ellobius lutescens,13356,17115,413500,46.8,35.5,17.2,0.5
Ellobius talpinus,15367,19977,350460,53.7,31.9,13.7,0.7
Empidonax traillii,916884,1339852,7791,96.5,1.9,0.7,0.9
Enhydra lutris,38.45e6,43.23e6,6770,94.8,2.2,1.6,1.4
Eonycteris spelaea,8002591,9727756,4469,89.6,6.5,3.1,0.8
Eopsaltria australis,990696,1486643,20702,94.4,1.6,1.1,2.9
Eptatretus burgeri,1541237,1867030,10846,30.0,20.3,48.9,0.8
Eptesicus fuscus,13.87e6,17.68e6,6789,93.2,3.7,1.7,1.4
Equus asinus,15.03e6,20.57e6,9021,95.6,2.2,1.6,0.6
Equus asinus,3732027,4625846,2166,95.7,2.2,1.3,0.8
Equus caballus,83.86e6,85.67e6,9636,94.5,2.8,1.7,1.0
Equus caballus,56234,78142,119776,75.0,18.8,5.6,0.6
Equus caballus,87.15e6,88.02e6,4700,95.9,1.5,1.4,1.2
Equus przewalskii,513331,748359,53096,89.7,6.8,2.6,0.9
Erinaceus europaeus,2754,5033,847680,10.7,32.8,56.2,0.3
Erinaceus europaeus,2878258,3641700,5802,93.1,3.3,2.2,1.4
Erythrura gouldiae,17.67e6,25.18e6,18372,95.1,1.9,1.3,1.7
Eschrichtius robustus,136948,207487,57203,84.6,9.2,4.4,1.8
Eschrichtius robustus,7942,9504,1213011,27.1,37.4,35.0,0.5
Esox lucius,32.67e6,29.46e6,1018,94.4,1.7,1.3,2.6
Eudromia elegans,3277526,4191140,2364,95.9,2.7,1.2,0.2
Eulemur flavifrons,411085,525127,38367,89.2,6.3,3.6,0.9
Eulemur macaco,403751,518036,26772,92.5,4.6,1.9,1.0
Eurypyga helias,47395,65203,62699,74.5,19.0,6.1,0.4
Falco cherrug,4113590,5244810,5863,96.9,1.8,0.9,0.4
Falco peregrinus,3918221,4804231,7020,97.3,1.6,0.8,0.3
Falco peregrinus,88.2e6,78.66e6,34,94.0,1.4,4.3,0.3
Felis catus,101.9e6,89.86e6,104053,67.1,15.0,17.2,0.7
Felis catus,147.7e6,146.9e6,4507,95.2,2.2,2.0,0.6
Ficedula albicollis,3993278,3993278,1,0.4,0.2,99.4,0.0
Fukomys damarensis,5283418,6538325,74730,92.1,2.8,4.3,0.8
Fulmarus glacialis,47341,61596,57389,80.4,15.5,3.7,0.4
Fundulus heteroclitus,1229622,1575986,10179,93.7,3.0,1.9,1.4
Gadiculus argenteus,3942,5660,123363,35.0,38.9,25.6,0.5
Gadus chalcogrammus,4324,6081,130159,41.3,39.8,18.5,0.4
Gadus morhua,258723,552524,427427,60.6,27.5,11.0,0.9
Gadus morhua,16748,24909,52137,67.0,23.4,8.8,0.8
Galeopterus variegatus,1448516,1551292,83,5.9,1.2,92.8,0.1
Gallirallus okinawae,6738,9192,768680,37.4,41.9,20.5,0.2
Gallus gallus,90.81e6,93.6e6,463,95.8,2.0,1.6,0.6
Gallus gallus,89.85e6,94.65e6,1822,97.8,0.6,1.1,0.5
Gambusia affinis,7229615,8216348,2943,94.4,3.5,1.3,0.8
Gasterosteus aculeatus,83204,115195,16957,91.8,5.3,1.8,1.1
Gavialis gangeticus,98945,125864,47351,85.2,11.5,2.8,0.5
Gavialis gangeticus,72.01e6,85.84e6,80,91.7,3.4,4.4,0.5
Gavia stellata,45680,61382,61830,77.6,17.4,4.6,0.4
Gekko japonicus,705817,941290,191499,89.8,6.4,2.8,1.0
Geospiza fortis,5206535,7659606,27239,96.4,1.9,1.3,0.4
Giraffa tippelskirchi,223835,301328,513177,86.7,7.5,4.2,1.6
Gopherus agassizii,229552,294503,172559,88.3,6.5,4.2,1.0
Gorilla gorilla,140e6,131.2e6,40711,90.5,4.6,3.5,1.4
Gorilla gorilla,129.3e6,123.8e6,15297,92.1,3.6,3.1,1.2
Grus japonensis,8874,12331,357545,45.0,36.1,18.2,0.7
Guentherus altivela,3200,3768,189411,10.1,38.5,51.2,0.2
Gulo gulo,165881,217523,47417,88.5,8.3,2.7,0.5
Haliaeetus albicilla,57397,74189,50905,81.4,13.8,4.5,0.3
Haliaeetus leucocephalus,9066220,10.59e6,1023,97.5,1.1,1.0,0.4
Haplochromis burtoni,1190224,1626381,8001,92.9,3.8,1.9,1.4
Helostoma temminkii,71662,93400,21407,91.7,6.0,1.2,1.1
Hemignathus virens,66.33e6,70.18e6,19546,95.5,2.7,1.3,0.5
Heterocephalus glaber,1494843,1784809,39267,85.8,6.5,4.8,2.9
Heterocephalus glaber,19.01e6,20.24e6,4228,87.9,5.4,4.1,2.6
Hippocampus comes,2068299,2818930,37376,93.5,2.7,2.3,1.5
Hippopotamus amphibius,107327,145037,128772,79.1,12.8,6.2,1.9
Hipposideros armiger,2099397,2730613,7570,89.5,5.4,3.8,1.3
Hirundo rustica,30.88e6,39.27e6,364,96.6,1.3,0.7,1.4
Holocentrus rufus,21323,31550,58113,79.4,15.9,3.2,1.5
Homo sapiens,144.8e6,143.2e6,595,90.2,2.9,3.0,3.9
Homo sapiens,136.9e6,138.8e6,4558,90.8,4.4,3.7,1.1
Homo sapiens,140.7e6,144e6,3134,93.0,3.2,2.8,1.0
Homo sapiens,21.39e6,26.59e6,125643,92.7,2.7,3.3,1.3
Homo sapiens,54610,76446,314786,51.5,27.7,20.5,0.3
Homo sapiens,11.54e6,14.37e6,11393,91.4,3.8,3.7,1.1
Homo sapiens,135.2e6,134.9e6,186247,93.1,2.9,3.0,1.0
Homo sapiens,135.2e6,134.9e6,372494,11.7,4.1,4.9,79.3
Homo sapiens,149.7e6,149.2e6,24,90.0,4.4,4.5,1.1
Homo sapiens,130.3e6,131.9e6,11842,82.4,8.0,8.4,1.2
Homo sapiens,3945491,7174058,40916,92.3,3.5,2.9,1.3
Homo sapiens,10.55e6,12.93e6,4961,93.2,2.8,2.6,1.4
Homo sapiens,13.33e6,19.33e6,15538,93.2,2.9,2.6,1.3
Homo sapiens,5550336,7563291,10430,92.8,3.0,2.8,1.4
Homo sapiens,4498608,8314529,26312,92.2,3.1,3.3,1.4
Homo sapiens,25.41e6,27.78e6,18903,86.9,7.9,3.7,1.5
Homo sapiens,19.36e6,24.32e6,11138,93.2,2.7,2.7,1.4
Homo sapiens,12.25e6,15.78e6,12091,89.8,4.7,4.1,1.4
Homo sapiens,142.2e6,134.9e6,6505,92.0,3.7,3.1,1.2
Homo sapiens,26.55e6,35.95e6,3709,89.9,4.4,4.2,1.5
Homo sapiens,26.16e6,33.22e6,5307,93.1,2.8,2.7,1.4
Homo sapiens,20.61e6,26.27e6,4850,93.1,2.7,2.7,1.5
Homo sapiens,23.31e6,34.99e6,7250,93.2,2.5,2.9,1.4
Homo sapiens,11.33e6,13.03e6,7485,93.1,2.6,2.7,1.6
Homo sapiens,30.94e6,36.7e6,2416,93.5,2.3,2.8,1.4
Homo sapiens,34.01e6,37.52e6,3188,89.9,4.4,4.2,1.5
Homo sapiens,17.84e6,24.67e6,7253,93.2,2.4,2.9,1.5
Homo sapiens,7212356,10.6e6,122496,90.9,5.1,3.1,0.9
Homo sapiens,42.79e6,44.54e6,111951,91.6,4.3,3.2,0.9
Homo sapiens,9028738,10.88e6,13252,92.3,3.7,3.1,0.9
Homo sapiens,15.19e6,21.98e6,117667,91.5,4.4,3.2,0.9
Homo sapiens,33743,44900,264454,56.3,30.5,12.6,0.6
Homo sapiens,23.7e6,28.72e6,829027,93.1,2.9,2.8,1.2
Homo sapiens,195564,247480,858918,86.1,8.6,4.0,1.3
Homo sapiens,149.4e6,145.5e6,1741,93.0,2.9,2.9,1.2
Homo sapiens,4525162,7025446,12302,93.4,2.9,2.5,1.2
Homo sapiens,1039719,1565112,15777,91.1,4.2,3.3,1.4
Homo sapiens,916048,1433755,22650,90.1,5.1,3.2,1.6
Homo sapiens,23.01e6,27.84e6,5323,91.8,3.7,3.1,1.4
Homo sapiens,146.6e6,143.7e6,63770,92.8,3.1,3.0,1.1
Homo sapiens,43.15e6,46.82e6,2832,93.6,2.5,2.7,1.2
Homo sapiens,8583694,14.24e6,4456,92.2,3.4,2.6,1.8
Homo sapiens,1588824,2051897,854722,92.9,3.0,2.7,1.4
Homo sapiens,881667,1774003,18969,47.4,3.6,4.6,44.4
Homo sapiens,15.26e6,21.3e6,44810,11.8,4.1,4.8,79.3
Homo sapiens,18.35e6,22.68e6,46030,11.7,4.5,4.8,79.0
Homo sapiens,17.02e6,23.53e6,47460,11.9,3.9,5.1,79.1
Homo sapiens,16.13e6,21.77e6,43100,11.4,4.1,4.8,79.7
Homo sapiens,29.56e6,38.67e6,1110,45.0,3.7,50.4,0.9
Homo sapiens,15.92e6,20.73e6,46971,11.9,4.3,4.7,79.1
Homo sapiens,14.84e6,18.06e6,49817,11.8,4.3,4.9,79.0
Homo sapiens,148e6,144.8e6,2142,92.7,3.0,3.1,1.2
Homo sapiens,149.9e6,144.9e6,2151,93.1,3.1,2.7,1.1
Homo sapiens,22.16e6,26.37e6,3580,93.5,2.7,2.6,1.2
Homo sapiens,21.64e6,24.95e6,3162,93.0,2.8,2.7,1.5
Homo sapiens,21.51e6,27.01e6,3123,93.0,2.7,2.7,1.6
Homo sapiens,6605884,8016292,3642,92.7,2.9,2.7,1.7
Homo sapiens,29.26e6,34.07e6,1916,93.2,2.7,2.7,1.4
Homo sapiens,25.29e6,29.5e6,3180,92.8,3.0,2.8,1.4
Homo sapiens,5301524,6330076,3465,92.8,2.9,2.8,1.5
Homo sapiens,26.78e6,36.91e6,22629,92.4,3.5,3.0,1.1
Homo sapiens,28.79e6,31.92e6,21415,92.6,3.0,3.0,1.4
Homo sapiens,30.64e6,33.06e6,22928,92.6,3.1,3.0,1.3
Homo sapiens,27.68e6,31.88e6,23583,93.0,2.8,2.8,1.4
Homo sapiens,26.82e6,32.72e6,24045,92.4,3.1,2.8,1.7
Homo sapiens,24.68e6,24.3e6,21964,92.2,3.2,3.1,1.5
Homo sapiens,43.72e6,46.18e6,71,71.1,4.1,23.7,1.1
Homo sapiens,29.93e6,37.99e6,22633,92.0,3.2,2.8,2.0
Homo sapiens,37.74e6,39.16e6,21472,92.5,3.4,2.6,1.5
Homo sapiens,32.6e6,37.74e6,20188,92.4,3.4,2.8,1.4
Homo sapiens,30.91e6,34.1e6,21996,92.1,3.2,3.0,1.7
Homo sapiens,27.43e6,29.98e6,21576,92.7,3.2,2.7,1.4
Homo sapiens,26.35e6,34.03e6,26766,91.0,3.3,2.8,2.9
Homo sapiens,15.24e6,21.28e6,43213,11.3,4.5,4.7,79.5
Homo sapiens,18.65e6,23.88e6,45503,11.4,4.9,4.8,78.9
Homo sapiens,18.07e6,22.89e6,47409,11.1,4.5,4.4,80.0
Homo sapiens,39.36e6,40.27e6,474,12.5,2.1,85.1,0.3
Homo sapiens,20.99e6,23.33e6,47405,11.9,4.5,4.8,78.8
Homo sapiens,39.07e6,39.75e6,565,13.5,2.2,84.2,0.1
Homo sapiens,16.54e6,22.47e6,43374,11.7,4.4,4.7,79.2
Homo sapiens,17.93e6,21.56e6,40697,11.9,4.3,4.9,78.9
Homo sapiens,14.98e6,17.58e6,48417,11.5,4.9,4.6,79.0
Homo sapiens,17.64e6,20.69e6,44286,11.6,4.6,4.6,79.2
Homo sapiens,16.81e6,21.17e6,46168,11.7,4.5,4.7,79.1
Homo sapiens,22.98e6,25.34e6,43173,11.4,4.5,5.0,79.1
Homo sapiens,15.85e6,20.92e6,45559,11.6,4.0,5.1,79.3
Homo sapiens,16.09e6,20.78e6,48365,12.0,4.2,5.1,78.7
Homo sapiens,22.5e6,27.37e6,3267,93.1,2.7,2.8,1.4
Homo sapiens,8420670,10.83e6,3103,92.8,2.8,3.0,1.4
Homo sapiens,152.5e6,145.7e6,566,15.0,5.3,6.0,73.7
Homo sapiens,7667013,10.71e6,2337,92.3,3.3,3.0,1.4
Hucho hucho,4140230,3627399,2,0.7,0.2,99.1,0.0
Hyaena hyaena,1997812,2705654,5760,95.6,2.1,1.4,0.9
Ictalurus punctatus,27.07e6,26.65e6,9340,94.0,2.3,1.4,2.3
Ictidomys tridecemlineatus,2750,5002,797481,7.5,30.7,61.4,0.4
Ictidomys tridecemlineatus,8077729,11.98e6,12483,90.3,4.4,4.3,1.0
Jaculus jaculus,20.21e6,25.01e6,10897,89.4,5.3,3.1,2.2
Junco hyemalis,69.58e6,72.99e6,4457,92.3,2.4,5.0,0.3
Kryptolebias marmoratus,2200316,3052603,3072,95.5,2.3,1.1,1.1
Kryptolebias marmoratus,110363,194225,40757,87.4,9.6,2.1,0.9
Labeotropheus fuelleborni,1179,1581,58245,0.2,4.5,95.3,0.0
Labrus bergylta,794648,1163452,13466,91.4,2.4,1.7,4.5
Lacerta bilineata,368212,454681,7510,93.0,3.9,1.9,1.2
Lacerta viridis,662519,808473,4737,94.4,2.3,1.6,1.7
Laemonema laureysi,4696,6918,86525,50.8,33.2,15.3,0.7
Lagenorhynchus obliquidens,28.28e6,40.34e6,5421,91.6,3.6,3.1,1.7
Lampris guttatus,5212,6844,208230,40.2,40.1,19.0,0.7
Lamprogrammus exutus,5465,7360,120937,47.6,38.6,13.0,0.8
Larimichthys crocea,483469,671034,10265,96.0,2.2,0.8,1.0
Larimichthys crocea,27e6,28.18e6,9998,97.3,0.9,0.6,1.2
Larimichthys crocea,19.99e6,17.49e6,599,46.5,32.3,18.4,2.8
Larimichthys crocea,27.85e6,26.55e6,1053,86.7,7.1,3.3,2.9
Larimichthys crocea,19.94e6,17.46e6,599,67.4,18.8,10.2,3.6
Lates calcarifer,310591,401985,22775,95.9,2.4,0.7,1.0
Lates calcarifer,1191266,3083453,3807,94.4,1.3,0.7,3.6
Lates calcarifer,1191266,3083453,3807,94.4,1.3,0.7,3.6
Lates calcarifer,1921842,3161549,1422,95.1,1.4,1.2,2.3
Latimeria chalumnae,765569,1186485,22818,86.4,8.2,4.4,1.0
Latimeria chalumnae,320185,399661,37861,81.3,11.8,5.9,1.0
Lepidothrix coronata,5009294,5687606,4612,96.7,1.9,0.9,0.5
Lepisosteus oculatus,47.4e6,40.63e6,1925,93.5,3.6,2.1,0.8
Leptonychotes weddellii,738278,1263068,16710,79.9,13.8,4.6,1.7
Leptosomus discolor,62846,83444,57160,81.7,14.2,3.8,0.3
Lesueurigobius sanzi,11496,18996,130360,56.0,27.0,16.0,1.0
Lethenteron camtschaticum,923564,1713117,86125,59.6,12.3,26.5,1.6
Leuciscus waleckii,21.6e6,18.3e6,4888,68.8,19.7,10.4,1.1
Leucoraja erinacea,1200,1616,2962366,6.4,22.0,71.4,0.2
Limosa lapponica,352808,819004,32319,60.2,20.8,18.6,0.4
Lipotes vexillifer,2398964,2949027,30712,91.8,2.9,3.2,2.1
Lonchura striata,2991276,3773773,3015,96.7,1.3,0.9,1.1
Lota lota,4877,6973,106616,43.9,34.9,20.7,0.5
Loxodonta africana,47.87e6,52.66e6,2352,94.0,3.2,2.1,0.7
Lycaon pictus,58.15e6,61.99e6,813,92.4,4.4,2.3,0.9
Lycaon pictus,60.57e6,63.51e6,803,93.7,3.1,2.3,0.9
Lyrurus tetrix,1361,1623,971998,4.5,23.6,71.9,0.0
Macaca fascicularis,133.6e6,137.4e6,21,89.9,5.0,4.1,1.0
Macaca fascicularis,122.6e6,118.8e6,39921,87.6,5.8,5.4,1.2
Macaca fascicularis,144.4e6,141.6e6,7600,88.9,4.2,5.1,1.8
Macaca fuscata,94956,128956,90905,70.8,19.5,6.0,3.7
Macaca mulatta,137e6,130e6,122163,84.8,7.4,6.3,1.5
Macaca mulatta,132e6,132.3e6,34102,91.9,3.6,3.0,1.5
Macaca mulatta,140.5e6,129.1e6,284727,91.8,3.1,3.4,1.7
Macaca nemestrina,15.28e6,17.87e6,9733,92.8,3.5,2.2,1.5
Maccullochella peelii,110493,148851,18198,92.4,5.6,0.8,1.2
Macropus eugenii,30040,39067,277711,41.0,26.1,32.2,0.7
Macrourus berglax,4278,9000,118318,36.9,35.7,24.4,3.0
Malaclemys terrapin,437266,636585,21684,84.1,10.7,4.2,1.0
Manacus vitellinus,2518472,3308293,92755,95.2,3.3,1.1,0.4
Manacus vitellinus,16.65e6,23.19e6,15315,94.4,2.2,1.2,2.2
Mandrillus leucophaeus,6587631,7773139,115,3.0,0.4,96.6,0.0
Manis javanica,213514,287597,80669,86.3,8.4,4.5,0.8
Manis pentadactyla,114575,155323,92772,76.1,12.6,10.4,0.9
Marmota flaviventris,17.43e6,20.14e6,32915,92.8,2.2,3.0,2.0
Marmota marmota,30.06e6,33.52e6,14543,92.4,2.8,2.9,1.9
Mastacembelus armatus,24.25e6,23.85e6,125,97.1,1.0,0.9,1.0
Maylandia zebra,32.66e6,29.14e6,1690,95.5,1.1,0.8,2.6
Mchenga conophoros,1302,1654,61923,0.5,5.1,94.4,0.0
Megaderma lyra,16834,22607,192872,43.3,34.6,21.9,0.2
Melanochromis auratus,1045,1426,63297,0.3,5.5,94.2,0.0
Melanogrammus aeglefinus,203356,267082,8420,90.6,4.9,2.8,1.7
Melanogrammus aeglefinus,3690,5156,123841,39.2,38.9,21.3,0.6
Melanonus zugmayeri,7601,10326,82409,52.3,33.4,13.8,0.5
Meleagris gallopavo,63.88e6,73.86e6,231286,93.9,3.7,1.9,0.5
Melopsittacus undulatus,11.2e6,13.66e6,25211,92.7,4.6,2.4,0.3
Meriones unguiculatus,382081,651066,68792,91.5,3.8,2.5,2.2
Merlangius merlangus,4431,6140,122642,39.3,39.3,20.7,0.7
Merluccius capensis,4761,6384,110925,42.0,38.5,19.0,0.5
Merluccius merluccius,5094,6726,102914,39.2,38.1,22.4,0.3
Merluccius polli,4468,5891,113894,34.8,41.5,23.4,0.3
Merops nubicus,48276,66502,53499,75.9,18.8,5.0,0.3
Mesitornis unicolor,47338,62618,67520,81.1,15.0,3.5,0.4
Mesocricetus auratus,10.84e6,14.97e6,21483,88.2,7.3,3.8,0.7
Microcebus murinus,105.5e6,94.68e6,7677,93.0,2.4,2.1,2.5
Micropterus floridanus,11136,16872,249768,70.6,24.7,3.4,1.3
Microtus agrestis,679346,877763,230202,82.5,9.9,7.1,0.5
Microtus ochrogaster,53.67e6,52.81e6,6335,93.7,2.6,2.3,1.4
Miichthys miiuy,1246909,3016277,6294,88.6,4.8,4.0,2.6
Miniopterus natalensis,4220376,5674145,1269,95.3,2.0,1.8,0.9
Mixornis gularis,2870892,3955118,9542,95.6,2.2,1.6,0.6
Mola mola,8624046,11.82e6,5552,95.3,2.1,1.3,1.3
Molva molva,5251,7473,111875,49.5,35.2,14.6,0.7
Monocentris japonicus,18614,25945,52108,73.6,21.2,4.4,0.8
Monodelphis domestica,515.1e6,454.8e6,5137,84.4,7.2,6.9,1.5
Monopterus albus,2053511,2804663,20621,95.3,2.2,1.3,1.2
Mora moro,4413,6293,100621,46.3,35.9,17.3,0.5
Morone chrysops,53489,71994,84096,86.5,10.6,1.7,1.2
Morone saxatilis,29981,39881,35012,78.2,15.0,5.6,1.2
Muraenolepis marmoratus,3549,4933,138928,40.1,39.2,20.3,0.4
Mus caroli,111.2e6,115.1e6,3162,93.5,2.2,2.5,1.8
Mus musculus,115.7e6,119.7e6,2977,94.6,2.4,2.1,0.9
Mus musculus,115.1e6,118.6e6,2239,94.6,2.5,2.0,0.9
Mus musculus,127.1e6,129.9e6,239,90.8,2.2,1.8,5.2
Mus musculus,114.3e6,101.1e6,668009,92.2,3.2,2.9,1.7
Mus musculus,24821,30813,224713,59.8,28.7,9.7,1.8
Mus musculus,16.95e6,21.54e6,2314,91.6,3.9,2.9,1.6
Mus musculus,335876,460360,41268,90.2,5.8,3.2,0.8
Mus musculus,6370149,8003706,9129,93.3,3.1,2.0,1.6
Mus musculus,1253,1536,1237600,3.3,21.5,75.2,0.0
Mus musculus,116.9e6,120.1e6,7154,91.1,4.3,3.4,1.2
Mus musculus,118.6e6,121.7e6,4688,91.4,4.0,3.4,1.2
Mus musculus,118.6e6,121.9e6,5953,94.5,2.4,1.9,1.2
Mus musculus,117.4e6,120.7e6,5466,94.5,2.4,2.1,1.0
Mus musculus,116.7e6,120.1e6,4105,95.0,2.4,1.8,0.8
Mus musculus,116.9e6,119.8e6,5013,95.1,2.3,1.6,1.0
Mus musculus,116.1e6,119.2e6,5544,94.0,2.7,2.1,1.2
Mus musculus,117.5e6,120.9e6,7022,94.5,2.6,1.7,1.2
Mus musculus,118e6,121.4e6,3825,94.5,2.5,1.9,1.1
Mus musculus,117e6,121.2e6,3894,90.6,4.4,3.9,1.1
Mus musculus,117.2e6,120.9e6,4069,94.5,2.6,1.8,1.1
Mus musculus,116.3e6,119.9e6,3499,94.2,2.7,2.1,1.0
Mus musculus,1060443,1406979,12661,92.7,2.8,2.3,2.2
Mus musculus,117.7e6,121.3e6,3140,94.5,2.6,2.1,0.8
Mus pahari,100.6e6,102.8e6,2581,93.9,2.4,2.3,1.4
Mus spicilegus,2132605,2613961,37536,93.1,2.6,2.3,2.0
Mus spretus,118.3e6,121.7e6,5404,94.2,2.2,2.6,1.0
Mustela putorius,9077433,12.79e6,7782,94.3,2.6,2.1,1.0
Mustela putorius,9400665,11.88e6,4245,93.2,3.7,2.1,1.0
Myodes glareolus,277641,402844,367242,80.8,12.3,6.4,0.5
Myotis brandtii,3152670,4415721,169750,87.6,5.8,4.0,2.6
Myotis davidii,3356212,4362908,101769,90.0,5.6,3.2,1.2
Myotis lucifugus,4251547,9043853,11654,87.5,4.3,4.6,3.6
Myoxocephalus scorpius,9445,13416,85863,57.5,29.4,12.4,0.7
Myripristis jacobus,21262,30913,64974,76.1,17.6,5.3,1.0
Nannopterum auritus,1992292,2501876,27523,96.8,1.4,0.6,1.2
Nannopterum brasilianus,91103,270389,266364,86.9,9.0,2.9,1.2
Nannopterum harrisi,4604470,6175204,2651,98.1,0.9,0.6,0.4
Nannospalax galili,3536414,4542805,154975,92.7,3.5,2.9,0.9
Nanorana parkeri,1062308,1403469,25187,84.3,8.7,5.7,1.3
Nasalis larvatus,101.1e6,96.12e6,319549,65.5,18.8,14.7,1.0
Neolamprologus brichardi,4102114,6138734,9098,91.6,5.0,2.3,1.1
Neomonachus schauinslandi,28.52e6,32.48e6,7872,93.2,3.0,1.8,2.0
Neoniphon sammara,21688,29974,56655,71.3,20.0,7.6,1.1
Neophocaena asiaeorientalis,6361996,8053212,13698,93.2,2.9,2.6,1.3
Neotoma lepida,135890,395468,119373,77.5,12.7,8.6,1.2
Neovison vison,6570989,8634017,7175,94.3,2.9,1.7,1.1
Nestor notabilis,61610,81427,42180,83.6,13.2,2.9,0.3
Nipponia nippon,5252144,6650574,59554,93.9,3.7,2.0,0.4
Nomascus leucogenys,109.5e6,105.3e6,17492,89.9,5.1,3.6,1.4
Notechis scutatus,5847050,9636111,52414,88.6,6.3,3.3,1.8
Nothobranchius furzeri,112988,143024,46717,89.4,7.2,2.4,1.0
Nothobranchius furzeri,37.34e6,34.21e6,5896,92.3,4.5,2.0,1.2
Nothoprocta perdicaria,3347226,4566430,2217,97.1,1.7,0.9,0.3
Notothenia coriiceps,220120,4348549,38656,69.9,22.0,7.3,0.8
Numida meleagris,96.65e6,96.28e6,2466,97.8,0.9,1.0,0.3
Ochotona princeps,53583,130706,187558,52.2,26.1,21.1,0.6
Ochotona princeps,24.27e6,27.63e6,10420,92.0,4.9,2.1,1.0
Octodon degus,10.61e6,12.67e6,7134,86.4,5.2,4.6,3.8
Octomys mimax,5223,7335,1257804,21.0,34.9,43.8,0.3
Odobenus rosmarus,2560421,3258825,3892,92.5,2.2,2.3,3.0
Odocoileus hemionus,9678,12761,358334,34.7,38.6,25.5,1.2
Odocoileus virginianus,843005,1240019,17025,91.3,4.1,2.3,2.3
Odocoileus virginianus,559,645,93873,0.0,0.5,99.5,0.0
Okapia johnstoni,124474,183324,837179,82.5,10.0,6.2,1.3
Oncorhynchus kisutch,48.78e6,42.14e6,21246,55.5,7.6,5.7,31.2
Oncorhynchus mykiss,69.24e6,59.59e6,131960,56.5,6.1,3.8,33.6
Oncorhynchus mykiss,294285,671410,79850,53.5,10.9,9.4,26.2
Oncorhynchus tshawytscha,42.1e6,38.22e6,102425,54.1,7.3,6.0,32.6
Oncorhynchus tshawytscha,46.75e6,46.02e6,14029,52.2,5.3,5.6,36.9
Ophiophagus hannah,235719,318068,296399,86.6,8.6,4.2,0.6
Opisthocomus hoazin,2960722,3496922,10256,91.6,5.0,3.0,0.4
Oplegnathus fasciatus,1135907,1418508,4149,97.1,1.2,0.8,0.9
Orcinus orca,12.09e6,14.03e6,1668,94.1,2.2,2.0,1.7
Oreochromis niloticus,25.73e6,21.97e6,5677,97.3,1.0,0.7,1.0
Oreochromis niloticus,38.84e6,40.42e6,2459,96.7,1.2,0.6,1.5
Ornithorhynchus anatinus,1045991,10.64e6,201524,72.3,19.0,8.1,0.6
Ornithorhynchus anatinus,18.72e6,23.14e6,4568,93.0,2.8,2.8,1.4
Orycteropus afer,6587081,8682988,22508,90.3,4.8,4.0,0.9
Oryctolagus cuniculus,106.8e6,102.4e6,3241,88.6,4.1,5.3,2.0
Oryzias latipes,23829,29060,82496,47.9,35.4,16.2,0.5
Oryzias latipes,24.11e6,20.66e6,7188,93.0,3.6,2.2,1.2
Oryzias latipes,31.2e6,31.05e6,24,95.7,1.2,2.1,1.0
Oryzias latipes,32.84e6,31.58e6,24,94.5,1.5,3.0,1.0
Oryzias latipes,28.85e6,28.72e6,24,92.0,1.8,5.1,1.1
Oryzias melastigma,22.91e6,20.48e6,8602,96.2,1.9,0.8,1.1
Osmerus eperlanus,6798,10612,73274,59.9,28.2,10.7,1.2
Otolemur garnettii,13.05e6,19.4e6,7793,91.8,3.8,2.9,1.5
Ovis ammon,71.74e6,83.09e6,41955,59.7,3.1,36.0,1.2
Ovis aries,2143474,2801357,6173,92.0,4.0,2.4,1.6
Ovis aries,43.84e6,59.64e6,1217,38.1,30.7,30.9,0.3
Ovis aries,99.25e6,130.4e6,5465,88.4,6.5,3.6,1.5
Ovis aries,107.7e6,141.6e6,2640,90.4,3.8,3.4,2.4
Oxygymnocypris stewartii,257093,855052,26281,53.9,3.6,2.2,40.3
Pagrus major,7297,19074,886260,47.8,38.8,12.8,0.6
Pampus argenteus,1714,2483,298139,9.9,39.1,50.8,0.2
Pangasianodon hypophthalmus,14.03e6,14.79e6,568,90.4,4.4,2.8,2.4
Pan paniscus,127.1e6,131.6e6,10274,92.7,3.2,2.9,1.2
Panthera pardus,21.08e6,23.99e6,50376,95.5,2.1,1.5,0.9
Panthera tigris,8734971,10.21e6,1478,92.5,4.4,2.4,0.7
Pantherophis guttatus,5005,7761,883920,27.6,39.0,33.2,0.2
Pantholops hodgsonii,2627721,3195678,15058,87.8,3.6,4.3,4.3
Pan troglodytes,131.7e6,127.8e6,44448,89.5,3.0,3.1,4.4
Pan troglodytes,15710,19894,361864,36.7,38.9,23.6,0.8
Pan troglodytes,130.4e6,127.2e6,4344,92.9,2.7,2.7,1.7
Papio anubis,139.9e6,134.7e6,63234,92.0,2.9,3.1,2.0
Parablennius parvicornis,16735,22541,66539,65.9,23.4,10.0,0.7
Paradisaea raggiana,882832,1225649,6544,96.5,2.3,0.8,0.4
Paradisaea rubra,3319682,4461497,4376,97.6,1.5,0.6,0.3
Paralichthys olivaceus,22.94e6,22.4e6,6969,96.4,1.4,1.0,1.2
Paralichthys olivaceus,9043178,8620453,9525,92.4,4.8,1.3,1.5
Paramormyrops kingsleyae,1707338,2098418,4667,88.4,2.2,1.2,8.2
Parasudis fraserbrunneri,6367,9432,156389,44.1,36.7,18.3,0.9
Paroedura picta,3942899,6196904,110906,89.1,7.0,3.2,0.7
Parotia lawesii,3098303,4270456,3976,96.7,2.1,0.7,0.5
Parus major,70.7e6,72.99e6,1675,97.6,1.0,1.1,0.3
Passer domesticus,68.83e6,70.91e6,2301,95.7,2.3,1.5,0.5
Patagioenas fasciata,19.83e6,24.74e6,9784,96.7,1.9,1.1,0.3
Pelecanus crispus,43433,55603,63982,80.1,16.0,3.5,0.4
Pelodiscus sinensis,3382156,4092388,19903,93.5,3.8,2.2,0.5
Perca fluviatilis,5983222,8365737,31105,86.1,9.2,3.7,1.0
Perca fluviatilis,5952,7815,140281,44.1,40.3,15.1,0.5
Percopsis transmontana,15134,20525,53197,68.7,22.9,7.5,0.9
Periophthalmodon schlosseri,39443,55824,46662,82.1,13.3,3.4,1.2
Periophthalmus magnuspinnatus,300717,479564,26060,92.8,4.5,1.6,1.1
Peromyscus maniculatus,3905402,4848180,30921,93.3,2.4,2.1,2.2
Peromyscus maniculatus,110e6,109.5e6,8523,94.3,2.2,2.0,1.5
Peromyscus polionotus,105.2e6,108.8e6,5292,94.0,2.4,2.1,1.5
Petromyzon marinus,79844,225384,25005,39.8,16.8,42.6,0.8
Petromyzon marinus,11.1e6,10.45e6,12061,62.8,10.9,24.7,1.6
Phaethon lepturus,48055,63942,66785,83.1,12.9,3.5,0.5
Phalacrocorax carbo,48553,63892,64312,78.3,16.3,4.9,0.5
Phascolarctos cinereus,11.59e6,13.86e6,1906,91.9,3.5,3.2,1.4
Phascolarctos cinereus,748625,952493,796464,89.4,5.4,3.7,1.5
Phocoena phocoena,24.97e6,26.52e6,142029,90.6,5.6,2.9,0.9
Phodopus sungorus,2626,3424,1462128,14.9,39.3,45.7,0.1
Phoenicopterus ruber,38177,49923,76189,76.9,18.1,4.9,0.1
Phycis blennoides,10587,15749,62684,57.5,28.1,13.9,0.5
Phycis phycis,4486,6720,100771,42.7,38.1,18.5,0.7
Phylloscopus plumbeitarsus,7672,10410,308480,44.9,37.7,17.1,0.3
Phylloscopus trochiloides,3802,5212,504236,28.2,42.2,29.4,0.2
Phylloscopus trochiloides,21005,28253,158605,70.6,23.0,6.2,0.2
Phylloscopus trochilus,3411210,5168040,5995,96.7,1.6,1.1,0.6
Physeter catodon,420808,554433,11710,90.4,4.3,3.3,2.0
Physeter catodon,36.69e6,45.44e6,59237,93.1,2.5,2.1,2.3
Physeter catodon,116.9e6,113.5e6,14676,90.8,4.3,2.8,2.1
Picoides pubescens,2104364,2507663,31254,94.7,3.4,1.6,0.3
Piliocolobus tephrosceles,13.67e6,18.53e6,47449,87.2,4.1,5.6,3.1
Pimephales promelas,51933,71739,73057,74.2,16.4,6.6,2.8
Pimephales promelas,21928,47663,810921,64.8,22.6,10.9,1.7
Podiceps cristatus,30132,38904,82923,71.6,21.3,6.7,0.4
Poecilia formosa,1572387,2088699,3985,92.6,2.0,1.0,4.4
Poecilia latipinna,250987,301545,17988,93.4,2.4,1.1,3.1
Poecilia mexicana,254270,307022,18105,93.6,2.2,1.2,3.0
Poecilia reticulata,28.75e6,27.43e6,2768,94.8,2.7,1.6,0.9
Pogona vitticeps,2412091,3104045,545310,94.3,3.1,2.0,0.6
Pollachius virens,4331,6131,116705,40.5,38.5,20.5,0.5
Polymixia japonica,9534,14062,92198,69.5,23.8,6.0,0.7
Pongo abelii,126.5e6,119.2e6,61538,88.9,5.5,3.9,1.7
Pongo abelii,131.9e6,128e6,5260,92.9,2.7,2.9,1.5
Procavia capensis,876552,1142421,65694,92.8,3.5,2.7,1.0
Prolemur simus,2666355,3358727,128596,94.2,3.1,1.5,1.2
Propithecus coquereli,4842152,6065738,22538,85.0,8.6,5.0,1.4
Protobothrops flavoviridis,465260,678464,84502,90.7,5.4,3.0,0.9
Protobothrops mucrosquamatus,420783,807425,52279,90.1,5.6,2.5,1.8
Psammomys obesus,76776,99546,96427,83.9,11.1,4.1,0.9
Pseudochromis fuscus,24632,35017,52042,78.9,16.8,3.4,0.9
Pseudois nayaur,21390,28859,214772,63.3,23.2,12.0,1.5
Pseudonaja textilis,14.49e6,17.83e6,28550,92.3,3.4,2.5,1.8
Pseudopleuronectes yokohamae,2521,3551,525502,37.1,45.4,16.9,0.6
Pseudopodoces humilis,16.26e6,24.88e6,5405,98.3,0.6,0.7,0.4
Psittacula krameri,1131429,1625974,167560,95.5,1.9,1.1,1.5
Pterocles gutturalis,49703,66020,58607,80.4,14.8,4.3,0.5
Pterocnemia pennata,3851800,5028393,3019,96.6,1.5,1.4,0.5
Pteronotus parnellii,22657,30703,177401,47.4,29.1,22.5,1.0
Pteropus alecto,16.23e6,20.28e6,65597,95.2,2.3,2.0,0.5
Pteropus vampyrus,5672027,7914440,36094,92.9,4.1,2.3,0.7
Puma concolor,96.6e6,111.5e6,2174,91.2,5.0,3.3,0.5
Pundamilia nyererei,2512339,3024961,7236,95.6,2.1,1.1,1.2
Pungitius pungitius,235698,502722,7847,92.7,4.4,1.9,1.0
Pygocentrus nattereri,1712626,2586454,283517,94.5,1.8,0.8,2.9
Pygoscelis adeliae,5102580,6174035,19264,94.5,3.1,2.2,0.2
Pygoscelis adeliae,5102633,6188632,1783,93.9,3.6,2.2,0.3
Pygoscelis adeliae,5102556,6188636,1783,94.1,3.2,2.4,0.3
Pygoscelis antarcticus,5102268,6188296,1783,94.0,3.3,2.5,0.2
Pygoscelis antarcticus,5102318,6188195,1783,94.1,3.3,2.4,0.2
Pygoscelis papua,5102601,6188625,1783,94.4,3.1,2.3,0.2
Pygoscelis papua,5102173,6188089,1783,93.7,3.6,2.5,0.2
Python bivittatus,208482,268223,39112,91.0,5.4,2.9,0.7
Rana catesbeiana,34837,81936,1544635,46.8,26.7,25.6,0.9
Rattus norvegicus,138.8e6,146.7e6,955,92.7,2.3,2.8,2.2
Rattus norvegicus,117.9e6,121.5e6,392058,93.7,2.3,2.4,1.6
Regalecus glesne,9754,13562,105196,62.9,27.4,8.9,0.8
Rhamphochromis esox,1301,1628,55751,0.5,4.9,94.6,0.0
Rhincodon typus,144400,199398,57333,76.1,12.5,8.8,2.6
Rhinella marina,167498,319216,31391,86.7,5.5,5.5,2.3
Rhinolophus ferrumequinum,21105,27146,160500,60.9,26.6,12.0,0.5
Rhinolophus sinicus,3804795,4730135,63439,92.6,2.7,2.9,1.8
Rhinopithecus bieti,2176641,2741184,105031,90.0,5.2,3.3,1.5
Rhinopithecus roxellana,1550953,2014109,135513,91.9,3.5,2.7,1.9
Rondeletia loricata,7446,10386,103827,50.2,35.6,13.2,1.0
Rousettus aegyptiacus,2006887,2386779,2489,95.1,2.5,1.8,0.6
Saimiri boliviensis,18.4e6,24.03e6,2685,87.9,5.9,4.3,1.9
Salmo salar,64.97e6,56.45e6,829971,51.3,5.8,4.5,38.4
Salvator merianae,27.62e6,34.28e6,5988,96.2,1.7,1.5,0.6
Salvelinus alpinus,41.44e6,49.06e6,10,29.4,4.0,64.9,1.7
Sarcophilus harrisii,1770155,1927099,35974,89.6,5.2,3.8,1.4
Sarcophilus harrisii,146889,263623,148774,83.1,11.4,4.2,1.3
Sardina pilchardus,25531,36272,45321,68.4,19.1,10.4,2.1
Sardina pilchardus,29780,516122,117259,65.5,17.0,10.8,6.7
Saxicola maurus,10.39e6,16.16e6,2819,96.3,2.0,1.2,0.5
Scartelaos histophorus,15580,23980,156044,75.7,16.6,7.0,0.7
Scleropages formosus,57821,79590,42110,85.8,6.0,2.1,6.1
Scleropages formosus,1863765,2327000,14183,89.0,1.3,1.6,8.1
Scleropages formosus,1622645,2234226,10955,88.2,1.2,2.5,8.1
Scleropages formosus,5729782,6406383,4818,87.6,2.4,1.6,8.4
Scophthalmus maximus,24.26e6,23.99e6,22,93.2,2.9,2.9,1.0
Scyliorhinus torazame,215960,319266,458049,69.8,15.3,13.0,1.9
Sebastes aleutianus,259166,412478,10489,65.2,17.5,16.3,1.0
Sebastes minor,7637,10014,166448,52.0,36.0,11.4,0.6
Sebastes nigrocinctus,105896,153625,15872,79.8,13.2,6.2,0.8
Sebastes norvegicus,16534,22389,75627,71.8,22.1,5.2,0.9
Sebastes rubrivinctus,30091,39803,68206,80.2,16.2,2.7,0.9
Sebastes steindachneri,4373,5834,279232,29.9,45.6,23.8,0.7
Selene dorsalis,32351,44087,36113,81.8,12.3,4.8,1.1
Serinus canaria,19.89e6,32.55e6,304399,96.5,2.0,1.1,0.4
Seriola dumerili,5741963,8598380,34655,97.3,0.9,0.6,1.2
Seriola lalandi,1305221,1883475,99597,96.1,1.4,1.0,1.5
Seriola lalandi,487657,753366,7606,86.4,9.0,3.1,1.5
Seriola quinqueradiata,789684,1025085,74780,93.2,3.9,1.7,1.2
Seriola quinqueradiata,5609355,8475295,384,95.9,1.7,1.4,1.0
Seriola quinqueradiata,1404000,1819663,1394,97.3,1.0,0.6,1.1
Seriola rivoliana,9454922,9983116,1343,95.7,1.2,1.7,1.4
Setophaga coronata,6051257,7629736,154686,92.4,4.8,2.3,0.5
Simochromis diagramma,8959950,11.28e6,823,95.6,1.3,1.2,1.9
Sinocyclocheilus anshuiensis,1219542,1547044,85681,43.7,1.6,1.2,53.5
Sinocyclocheilus grahami,1151605,1545399,31276,53.5,3.7,1.4,41.4
Sinocyclocheilus rhinocerous,913404,1171011,164172,44.1,1.9,1.3,52.7
Solenodon paradoxus,110894,144915,40482,85.5,10.3,3.6,0.6
Sorex araneus,21.11e6,22.14e6,12845,92.7,3.8,2.5,1.0
Sousa chinensis,176628,207936,542,1.4,0.3,98.3,0.0
Sparus aurata,18.43e6,12.84e6,34642,86.7,9.8,2.2,1.3
Spermophilus dauricus,1740988,2238491,360804,89.6,3.8,3.2,3.4
Spheniscus humboldti,5102323,6188346,1783,91.1,5.7,3.0,0.2
Spheniscus humboldti,5102190,6188288,1783,91.5,5.1,3.2,0.2
Spheniscus magellanicus,5102216,6188315,1783,94.0,3.5,2.3,0.2
Spheniscus magellanicus,5102322,6188349,1783,94.3,3.1,2.4,0.2
Spheniscus magellanicus,5102267,6188347,1783,94.0,3.2,2.5,0.3
Spheniscus mendiculus,6267042,7432001,58,3.0,0.6,96.4,0.0
Sphenodon punctatus,2762910,4311194,16536,89.2,5.8,3.8,1.2
Spondyliosoma cantharus,28113,37830,47064,82.8,13.8,2.5,0.9
Sporophila hypoxantha,8684388,14.06e6,5095,90.1,2.0,7.1,0.8
Stegastes partitus,388269,537269,5818,96.1,1.2,0.6,2.1
Strix occidentalis,4011148,4722925,8108,97.4,1.1,0.6,0.9
Struthio camelus,3576541,4364512,6914,95.6,2.7,1.2,0.5
Sturnus vulgaris,3630939,4157239,2361,97.5,1.2,0.8,0.5
Stylephorus chordatus,4663,6072,128468,31.7,41.8,26.2,0.3
Sus scrofa,138.9e6,143.3e6,612,94.5,2.8,2.1,0.6
Sus scrofa,5874672,6580611,137577,89.3,5.5,3.9,1.3
Sus scrofa,22113,28208,231585,41.4,40.7,17.5,0.4
Sus scrofa,850478,1051056,72068,91.3,4.1,4.1,0.5
Sus scrofa,119.2e6,124.6e6,5206,73.5,10.1,15.9,0.5
Sus scrofa,2440826,2862048,102342,94.5,2.9,1.8,0.8
Sus scrofa,2341973,2854430,120246,93.8,3.8,1.8,0.6
Sus scrofa,1548746,2069326,82206,95.1,2.9,1.5,0.5
Sus scrofa,1246971,1548273,133833,93.5,3.7,2.1,0.7
Sus scrofa,1406051,1844091,94659,91.4,4.1,4.1,0.4
Sus scrofa,1529118,2004945,129335,94.0,3.4,2.0,0.6
Sus scrofa,1656180,2112898,88436,94.9,2.9,1.7,0.5
Sus scrofa,1479015,1947223,115554,94.2,3.5,1.7,0.6
Sus scrofa,1658228,2117100,94468,94.0,3.4,2.1,0.5
Sus scrofa,135.4e6,124.5e6,14157,93.6,3.3,2.8,0.3
Symphodus melops,461652,713597,5060,90.8,2.6,3.6,3.0
Symphodus melops,21220,29233,50156,74.2,18.9,5.5,1.4
Syrmaticus mikado,11.43e6,14.21e6,71281,97.0,1.7,0.9,0.4
Tachysurus fulvidraco,3643599,5421655,662,91.7,2.9,2.4,3.0
Taeniopygia guttata,62.03e6,63.58e6,37095,93.5,3.2,1.4,1.9
Taeniopygia guttata,4297012,6630228,3347,20.6,1.0,0.7,77.7
Takifugu flavidus,335029,474949,34332,77.2,9.2,12.2,1.4
Takifugu flavidus,15.68e6,16.13e6,867,95.3,1.7,1.4,1.6
Takifugu rubripes,11.09e6,9973556,6834,94.4,2.9,1.3,1.4
Tauraco erythrolophus,56516,76380,59587,80.9,14.2,4.5,0.4
Taxidea taxus,54030,85773,145161,64.7,23.5,10.7,1.1
Tenualosa ilisha,199915,338850,124209,88.9,4.2,3.0,3.9
Terrapene mexicana,23.39e6,35.26e6,52260,84.5,3.8,1.9,9.8
Tetraodon nigroviridis,667696,1098518,25773,84.0,7.8,5.0,3.2
Thamnophis sirtalis,516345,657813,7930,65.0,18.8,15.3,0.9
Theropithecus gelada,127.9e6,137.4e6,15307,92.2,2.7,2.8,2.3
Thunnus albacares,46877,63386,38995,84.4,12.1,2.5,1.0
Thunnus orientalis,8236,10895,133062,52.1,38.0,9.2,0.7
Thunnus thynnus,3177,4304,354425,35.0,48.8,15.4,0.8
Tinamus guttatus,248631,340688,82514,88.9,7.7,2.9,0.5
Trachinotus ovatus,1728421,2064583,6737,96.9,1.4,0.8,0.9
Trachinotus ovatus,29.47e6,28.43e6,138,89.8,6.1,2.7,1.4
Trachyrincus murrayi,19940,28128,40927,78.4,15.4,5.1,1.1
Trachyrincus scabrus,6348,9028,80958,56.8,29.6,12.8,0.8
Trichechus manatus,13.29e6,15.31e6,6322,92.2,4.1,2.9,0.8
Trisopterus minutus,3962,5846,106116,35.7,36.2,27.8,0.3
Tupaia belangeri,2974,4722,841006,10.2,32.2,57.1,0.5
Tupaia chinensis,3569170,4380746,50750,89.1,5.0,3.8,2.1
Tursiops aduncus,1244500,1798403,16249,91.1,3.2,2.6,3.1
Tursiops truncatus,111100,138697,240557,77.9,12.1,8.7,1.3
Tursiops truncatus,27.28e6,38.49e6,2647,86.3,6.8,5.7,1.2
Tursiops truncatus,27e6,29.99e6,481,90.7,3.3,3.3,2.7
Tursiops truncatus,814597,1190294,97787,34.7,8.8,5.5,51.0
Tympanoctomys barrerae,5293,8023,1558800,26.6,33.4,39.5,0.5
Tympanuchus cupido,12.11e6,16.39e6,12186,97.1,1.3,0.9,0.7
Typhlichthys subterraneus,9640,13130,84841,57.3,30.6,11.3,0.8
Tyto alba,53020,71477,62122,76.6,16.9,6.2,0.3
Uria lomvia,15.7e6,18.27e6,9327,96.0,2.3,1.4,0.3
Urile pelagicus,1721896,2306929,20951,97.1,1.9,0.5,0.5
Urocitellus parryii,3856636,5501779,15884,92.8,2.9,3.1,1.2
Ursus americanus,190091,248182,111495,86.3,9.1,3.8,0.8
Ursus arctos,38.57e6,40.29e6,6672,94.9,2.1,1.6,1.4
Ursus maritimus,15.9e6,18.98e6,23818,93.8,3.3,2.3,0.6
Vicugna pacos,7349757,9030285,276724,94.1,3.0,2.1,0.8
Vicugna pacos,5285777,6982253,52275,95.7,2.0,1.3,1.0
Vipera berus,115944,171414,28883,76.1,15.0,8.2,0.7
Vombatus ursinus,29.37e6,36.15e6,15415,33.5,14.3,52.0,0.2
Vulpes vulpes,12.48e6,16.66e6,82423,93.9,2.3,2.1,1.7
Xenopus laevis,128.8e6,122.1e6,108032,55.8,1.8,2.1,40.3
Xenopus tropicalis,130.8e6,121.8e6,6821,91.0,4.3,3.7,1.0
Xiphophorus couchianus,30.51e6,29.66e6,67,97.4,1.0,0.9,0.7
Xiphophorus hellerii,22.14e6,28.24e6,25,80.8,9.3,9.2,0.7
Xiphophorus hellerii,27.85e6,28.04e6,4,18.5,1.8,79.0,0.7
Xiphophorus maculatus,1142565,1632950,20640,93.5,4.4,1.2,0.9
Xiphophorus maculatus,31.44e6,29.55e6,101,96.8,1.3,0.7,1.2
Zeus faber,6313,8214,135758,51.0,37.4,10.9,0.7
Zonotrichia albicollis,4924760,8661667,6018,93.1,3.8,2.7,0.4
Zonotrichia albicollis,32885,50557,110046,73.0,19.9,6.3,0.8
Zosterops lateralis,3503795,4370082,2933,93.6,4.3,1.7,0.4
